building_type,area_sqm,floors,location,quality_grade,foundation_type,roof_type,has_basement,has_elevator,has_parking,labor_rate,material_cost_index,total_cost
Industrial,251.51494887480902,7,Rural,Luxury,Slab,Dome,1,1,0,41.93949559109889,0.8316744323132216,320838.6396636245
Residential,9341.019449986881,1,Suburban,Luxury,Pile,Dome,1,1,0,40.918262571615706,0.9525360957764095,10064238.029346466
Industrial,5060.294850761066,32,Urban,Premium,Pile,Dome,0,1,1,42.57914882215508,0.8106238176007788,18244842.5501493
Industrial,5439.836739160619,13,Rural,Premium,Slab,Dome,1,1,0,33.95165744901933,1.2069919739074144,8936742.376683548
Residential,6871.241317041597,30,Suburban,Premium,Slab,Pitched,1,1,0,46.225120464710784,0.8740972651145362,17852741.274285663
Residential,6196.926527460147,23,Rural,Luxury,Concrete,Pitched,1,1,1,26.103094254082734,1.411113575820801,24184099.584403683
Industrial,9444.526885151496,19,Suburban,Luxury,Concrete,Pitched,0,1,1,23.821592480010178,1.1662001144880156,36166042.06980204
Commercial,9448.090811539158,32,Rural,Standard,Slab,Pitched,1,0,0,28.56526340355535,1.289782936341096,28159950.990889695
Industrial,8685.269442194538,30,Suburban,Standard,Pile,Flat,0,0,0,35.947321903249794,1.0875999642883476,23899980.155123197
Industrial,6400.395614715511,29,Urban,Luxury,Concrete,Pitched,1,1,1,35.31685386228014,1.1924058663007342,47277518.12573332
Industrial,8029.3980173557575,49,Suburban,Luxury,Concrete,Dome,1,0,0,44.6179627302976,1.4598614238766414,73733148.61047782
Industrial,6803.96658959152,45,Rural,Luxury,Pile,Dome,0,1,0,32.13705969212052,0.8579138277365695,28339234.717484485
Residential,5776.333712552139,29,Rural,Luxury,Concrete,Pitched,1,1,1,34.530332788745255,0.9777564403465874,18798184.721293196
Industrial,1372.1534970157109,30,Suburban,Standard,Pile,Dome,0,0,1,20.401030497781868,1.345991828837381,3931371.730297855
Commercial,8130.9213496864295,16,Urban,Luxury,Pile,Pitched,0,1,0,32.292177093288174,0.8691160448178661,30327004.64194106
Residential,8224.330809865158,40,Urban,Standard,Pile,Dome,0,1,0,39.43322698851026,0.8529627727328777,17645147.513258707
Commercial,6296.8027340055705,19,Suburban,Luxury,Slab,Flat,1,0,0,20.465249918797767,1.053078979127827,28560716.04797304
Commercial,8222.225753335555,18,Suburban,Luxury,Slab,Flat,1,0,1,28.426458955587314,0.8645175709307027,32404138.680921357
Commercial,6549.699241392101,1,Rural,Luxury,Slab,Pitched,1,1,0,26.238690778681697,1.2095549095443423,9537168.425819555
Commercial,2146.1751627797794,14,Urban,Standard,Pile,Pitched,0,0,0,21.25956286728765,0.9583926755716199,3739057.561320933
Residential,2812.2151604792243,47,Suburban,Standard,Pile,Pitched,1,0,1,34.377802697436124,1.4269885742395605,12441441.910236118
Residential,2224.432285112904,2,Urban,Premium,Slab,Dome,0,1,1,25.451698796844695,1.3484500565916797,3750356.933911435
Commercial,3834.864923956961,28,Suburban,Luxury,Concrete,Pitched,1,0,0,42.292446188941405,1.2897936442696334,24823855.140113078
Commercial,485.7350098713129,49,Suburban,Premium,Pile,Flat,0,0,1,45.437836512900454,1.2318608191691514,3838793.402080785
Residential,6220.713454945139,30,Urban,Premium,Concrete,Dome,0,1,1,36.36755548007443,1.4044260112390243,34657092.09811874
Residential,3431.8867273983924,38,Suburban,Standard,Concrete,Pitched,0,0,0,49.45122027563424,0.9561434430799298,9735142.802941311
Residential,6591.654090269348,4,Suburban,Standard,Pile,Dome,1,0,1,33.51435714411786,1.4111761899349593,6744499.406403906
Industrial,3915.4265475590937,1,Rural,Premium,Pile,Dome,0,1,1,35.40104630674747,1.3526446088968367,3241363.221214866
Industrial,6847.975322830618,8,Suburban,Luxury,Concrete,Pitched,0,1,0,49.67653261873251,1.32371257847138,15837628.458444467
Industrial,3472.1832376959765,29,Suburban,Standard,Concrete,Dome,0,1,1,26.946453078951464,1.1928789746524469,9345045.948399538
Commercial,2680.875829535441,39,Suburban,Luxury,Slab,Flat,0,0,0,48.276378190307156,0.9723709126794201,18312186.57878585
Industrial,5010.7707975047215,3,Rural,Luxury,Slab,Flat,0,1,0,21.285126653573396,1.0964835411943274,6051526.690461548
Commercial,6959.6145510502,32,Urban,Premium,Pile,Dome,0,1,1,33.391606707895846,1.355499458177161,47578439.858778186
Commercial,3548.532384086654,10,Rural,Premium,Slab,Pitched,1,0,1,22.100105363991972,0.8222449390501272,5208734.075338179
Industrial,9372.816703371502,10,Rural,Premium,Slab,Dome,1,1,1,41.87704228740929,1.3474355384846308,16614823.20655939
Commercial,487.94463408889794,19,Urban,Premium,Slab,Flat,0,1,0,38.25226807640053,0.9680495183412966,1549872.8895779618
Industrial,4237.66571398423,46,Rural,Standard,Slab,Dome,1,1,1,41.19902790402789,0.9010164405051222,9166410.636371944
Industrial,9679.04746005045,34,Urban,Standard,Concrete,Dome,1,1,0,31.23441199904051,0.8809909227262116,29936440.18487512
Residential,5524.921644156065,33,Rural,Premium,Pile,Flat,0,0,1,31.08445802094141,0.8190750083655707,13744800.302008336
Industrial,4292.362328850374,23,Urban,Standard,Slab,Dome,0,1,1,21.35957836882684,1.166510539655017,9647673.074380796
Residential,5728.350809124588,28,Suburban,Premium,Concrete,Dome,0,1,1,30.498348185889192,0.9527819108856107,16109646.400571596
Industrial,5801.653295055037,32,Rural,Luxury,Concrete,Pitched,1,0,0,47.87865206786178,1.492602236045742,38335260.85173377
Industrial,7343.312777466438,7,Rural,Luxury,Concrete,Pitched,0,1,1,31.37679611541347,1.2021057291105441,14427215.922114296
Residential,1364.1283212824094,29,Rural,Luxury,Slab,Flat,1,0,1,44.9410311866591,0.8965196885492073,3886640.5697431336
Residential,2575.1628472394364,8,Rural,Premium,Slab,Flat,0,0,0,45.269765142498024,1.2821337785679559,3014502.932368816
Industrial,5847.385722204707,1,Suburban,Luxury,Pile,Flat,1,0,0,31.197234691377012,1.4284204965568077,11835375.156978978
Commercial,8684.454411376248,3,Rural,Standard,Slab,Pitched,0,1,1,38.95966041188567,1.3216256467587302,8445326.469932565
Residential,5662.480252223359,24,Suburban,Luxury,Slab,Flat,0,0,1,22.86114806819176,0.8535079027276135,14291910.641550498
Commercial,2462.108911924368,23,Suburban,Luxury,Concrete,Flat,1,0,1,23.110357422028294,1.4271189268348619,18065086.576764617
Commercial,6830.463321012434,8,Suburban,Luxury,Pile,Flat,1,0,0,21.4597299098514,1.3557505701019754,19111445.50859922
Commercial,7425.096728429008,47,Suburban,Standard,Slab,Pitched,1,1,0,37.43045280125328,0.91081273007393,26501057.818574846
Residential,2458.5379087993965,37,Urban,Premium,Slab,Dome,1,1,0,32.782129328782915,0.8362501221129719,9156576.723815966
Commercial,3839.515973145319,3,Urban,Standard,Concrete,Flat,1,1,0,36.440970699927206,1.1901174027200159,5822056.150779264
Residential,5389.841987952578,33,Rural,Premium,Concrete,Dome,1,1,1,35.63219571525163,0.9092250679379839,13583326.560246643
Commercial,5015.955787762469,28,Urban,Premium,Slab,Flat,0,1,0,30.506089732721907,1.3842136668166904,30953902.598552123
Industrial,3957.2190535701143,47,Urban,Luxury,Pile,Dome,1,1,0,40.324202444704184,1.0508342596701716,29225274.949809927
Industrial,3046.5882276421776,8,Rural,Premium,Pile,Pitched,0,1,0,42.75505642749172,1.4390247113156027,5021032.970898455
Residential,1089.8503829024476,34,Rural,Standard,Concrete,Pitched,0,0,1,20.438847766330273,1.195981720498704,2148695.495411878
Industrial,629.5044377989522,35,Rural,Standard,Concrete,Flat,1,0,1,26.217268993066348,0.9278706689677677,1143845.4422224197
Industrial,9589.560819143664,32,Urban,Premium,Slab,Dome,0,0,0,41.3970760425001,0.89771920715186,35817607.07274486
Commercial,8486.717126546338,24,Urban,Luxury,Concrete,Pitched,1,0,0,31.598605179015024,1.2035307062904277,43037390.28361995
Residential,3613.5613855809343,14,Rural,Luxury,Slab,Flat,1,1,1,39.87451840824825,1.3333185283037108,8663496.163789114
Commercial,9572.328762751918,32,Suburban,Standard,Pile,Flat,0,0,1,30.408879792036753,1.3470539534195276,35507243.93330855
Commercial,6800.022053800602,46,Rural,Luxury,Pile,Pitched,0,0,1,31.722654569889112,0.9930301831088969,40600245.678285345
Commercial,4876.95740146216,43,Suburban,Premium,Slab,Pitched,1,0,1,24.76036621069055,0.9429727312385172,24857645.78040033
Commercial,4980.954011940869,16,Suburban,Premium,Concrete,Flat,1,0,1,27.7469305899848,0.8117294131446677,10932410.82972574
Commercial,924.5156708330704,4,Rural,Standard,Pile,Dome,0,1,1,38.16235272522762,1.2754394058408185,864970.8944518444
Commercial,1007.8710578589627,37,Rural,Premium,Concrete,Dome,0,1,1,32.99489333945499,0.8535977809034774,3307377.133272441
Commercial,6064.165166421078,21,Rural,Standard,Pile,Dome,0,1,1,43.22908048833786,1.0945328412361481,11728946.47441137
Residential,5581.660218223427,14,Urban,Premium,Slab,Flat,0,0,0,45.577548648150284,1.2211775148128072,15351856.038507774
Industrial,2206.0061607398666,31,Suburban,Standard,Slab,Pitched,1,1,0,36.2493925465028,1.455976261443774,7293438.943174704
Commercial,9467.325974528734,48,Urban,Luxury,Slab,Flat,1,0,0,42.74801876168178,1.0182614958690381,99966860.52319033
Commercial,7834.830899664905,18,Urban,Premium,Pile,Pitched,1,1,0,29.2071353958371,0.9748405137125639,27485504.58194741
Commercial,1223.2995599727353,7,Rural,Premium,Concrete,Dome,1,1,0,32.44913646200234,1.2579121080002689,2478668.9833771484
Commercial,9316.198146304198,10,Urban,Standard,Concrete,Dome,0,1,0,41.38333028650493,1.2334673224375072,21109772.1685727
Commercial,9745.05726449066,7,Rural,Standard,Concrete,Pitched,0,1,1,31.58635978451092,1.0324768483156872,7996312.910812031
Commercial,9959.719296100258,33,Suburban,Premium,Pile,Pitched,1,1,1,37.65514805476967,1.4496712848568505,61039195.69061097
Industrial,653.1244313057655,23,Rural,Standard,Pile,Flat,1,0,0,25.561183372475345,1.391403629242743,1498211.7226290759
Industrial,7396.652012230988,21,Urban,Premium,Pile,Dome,1,1,0,37.993139449114935,0.9567877821055568,19578771.133576866
Commercial,5504.56612463339,19,Urban,Luxury,Pile,Flat,1,0,1,45.84541121680681,0.9673997818041662,29465511.120441396
Industrial,7087.731690399076,48,Rural,Standard,Pile,Flat,1,0,1,46.05918919470277,1.1586102428209564,21672915.053419422
Residential,9689.654245343936,19,Rural,Premium,Concrete,Flat,1,0,1,41.73033218988619,1.3415004712115044,25616486.45425615
Commercial,6911.497100732887,36,Urban,Luxury,Pile,Dome,1,0,0,42.37260137228378,0.8308282655719251,42763248.95720486
Residential,8385.94235495,29,Suburban,Luxury,Pile,Flat,1,0,1,36.73782335452102,1.2853346076142946,38752949.0109626
Residential,8682.000182577329,18,Suburban,Premium,Concrete,Flat,1,1,0,37.540042704974745,1.2537651281674678,27331403.67027881
Commercial,8400.959561263453,2,Rural,Standard,Pile,Flat,0,1,0,24.00951744231554,0.9620360671390917,6623337.338009873
Industrial,4318.305602964717,1,Suburban,Premium,Concrete,Flat,1,1,1,33.31577565263903,1.2769471092689442,5235962.995499824
Residential,2303.506533953202,47,Urban,Luxury,Concrete,Flat,0,1,1,33.52328851659092,1.4581282338764578,23358674.43744606
Commercial,4026.8508593470933,5,Rural,Premium,Slab,Flat,0,0,0,48.754935070032204,0.832750091480238,2884075.582516126
Residential,8929.779396890088,20,Urban,Standard,Slab,Dome,1,1,1,32.93260587869868,1.0237564387044438,20605821.88540837
Residential,1551.3877347510524,11,Urban,Luxury,Slab,Flat,1,1,1,36.48027934708273,1.1067237016664486,5208130.022286988
Residential,5181.92907005469,42,Suburban,Premium,Slab,Pitched,0,0,0,35.99754197837308,1.4294822512472827,23881555.467151612
Residential,2408.9579170028255,2,Rural,Standard,Pile,Flat,0,0,1,39.10285151132982,1.4735830126264098,1379108.478976974
Industrial,5854.923630545145,3,Rural,Luxury,Slab,Flat,1,1,0,42.44698493995688,1.1108806725474327,6478560.877973752
Residential,8645.071367691138,23,Suburban,Standard,Concrete,Dome,0,1,0,26.751256285126164,1.3250198884995337,20723576.7827204
Residential,8815.563689520326,12,Urban,Luxury,Pile,Dome,1,0,1,35.86173257295307,1.172162716635138,31393335.52144259
Residential,2443.1834174525798,20,Urban,Premium,Slab,Pitched,1,1,0,44.77753121948091,1.1764480543189637,7618079.0203159135
Industrial,9086.167692850608,5,Urban,Standard,Concrete,Pitched,1,1,0,33.893441415125345,0.9946696605464496,10159680.004053902
Residential,5959.698514330715,37,Urban,Luxury,Pile,Dome,0,1,1,28.35372639120719,0.9518693721047157,34147888.21784696
Residential,3567.160642333104,38,Rural,Standard,Pile,Dome,0,1,1,39.64127226068897,1.001603742146829,6942352.030061297
Industrial,7110.993836273678,30,Rural,Standard,Slab,Flat,1,0,1,44.71302187397369,1.1894296050799555,17489830.658236388
Industrial,4868.503180844742,9,Suburban,Premium,Pile,Dome,0,0,0,21.89420878782174,0.8204086302154623,5506456.992994458
Industrial,3842.0771422103194,34,Suburban,Standard,Concrete,Pitched,0,0,0,43.30371450221681,1.435074261049484,14874241.565345401
Residential,7080.335206536933,44,Rural,Luxury,Pile,Flat,0,1,1,44.64943798885314,0.9093985966848434,27094318.71103586
Industrial,2562.3691288598507,35,Rural,Luxury,Concrete,Pitched,0,1,0,33.8456878276582,0.9540620738099707,11747695.354927212
Industrial,3369.5000372890754,22,Urban,Luxury,Pile,Flat,0,1,1,49.49916970455402,1.1627933235133525,15639241.753154444
Residential,4401.073260433886,44,Urban,Luxury,Slab,Dome,0,1,1,43.601250221219274,1.2970803364360957,37496819.53229093
Industrial,2611.4535213440736,24,Suburban,Premium,Concrete,Pitched,0,1,0,43.20987694686997,0.8670103383210781,6579814.493546592
Residential,4111.500659136029,17,Rural,Standard,Pile,Flat,1,0,1,42.43515723236216,1.0223862882830135,4887590.920374574
Commercial,5757.582949529606,10,Suburban,Premium,Pile,Flat,0,1,0,24.51824309654822,1.4780722239020498,17931535.60276073
Industrial,7435.641223015617,30,Rural,Standard,Pile,Dome,0,1,0,26.516926593590323,0.983640076746662,11554147.75937008
Commercial,7695.22904577486,46,Urban,Standard,Concrete,Dome,0,0,1,33.91970394393275,1.0191351015442027,34810689.417400345
Residential,8245.624483579262,23,Suburban,Standard,Concrete,Dome,0,1,0,27.920130498783976,1.3855489434326236,19684506.075656965
Industrial,7467.6954037386495,32,Suburban,Premium,Concrete,Pitched,0,0,1,32.457229170021215,0.8351501021833188,20878929.912944105
Residential,6842.290328259399,17,Rural,Standard,Slab,Flat,0,0,0,46.65392329768762,1.1252292181662797,8651054.43161201
Commercial,2451.3140657954523,17,Urban,Premium,Slab,Dome,0,0,0,44.729806756378075,1.0657317351161693,7141588.2638577055
Residential,4062.206639433046,14,Suburban,Luxury,Concrete,Pitched,0,0,0,38.90119635439947,1.021610731936056,9634837.760224164
Industrial,4829.377419714254,9,Urban,Luxury,Pile,Pitched,1,0,1,45.7436118275331,0.9999897158313352,11994879.61967089
Industrial,920.6240847642068,40,Suburban,Standard,Slab,Pitched,0,1,0,43.51317167051748,0.8639618734022865,2180058.9101632987
Commercial,5330.864200842371,2,Urban,Premium,Concrete,Dome,0,0,1,32.869547955226714,1.0203780805461542,8917005.771799212
Residential,4419.724732904904,45,Rural,Luxury,Pile,Dome,0,0,0,26.031954561498353,0.830136681900968,18510864.48677434
Industrial,8040.881565364667,25,Suburban,Premium,Slab,Flat,0,1,0,35.42603120028018,1.3466747045511047,36296566.938997395
Commercial,9781.216620667281,39,Suburban,Premium,Pile,Flat,1,1,1,42.0868664758565,1.0787594557706082,53038408.8917388
Industrial,5604.449882561587,9,Urban,Standard,Pile,Dome,1,0,1,33.09258796188779,1.110732682623938,9119257.500469476
Industrial,3294.5952439480784,22,Urban,Luxury,Pile,Pitched,1,1,1,40.00315729351692,1.425516210515092,22129797.809636958
Residential,529.6677546519104,43,Suburban,Standard,Pile,Pitched,1,1,1,22.82982278873131,1.2606384887028546,1960839.7514182392
Industrial,9253.9689692136,46,Rural,Standard,Slab,Pitched,1,0,1,42.44014209114211,0.8056413723394839,19522127.728695396
Residential,9199.245581258729,4,Urban,Luxury,Slab,Flat,1,0,0,44.38140859679186,1.4602223760728994,27862410.241581935
Industrial,2604.602663093487,26,Urban,Luxury,Slab,Pitched,1,1,0,41.20513567341624,0.9660011261843979,14696826.036022702
Commercial,6984.570118755811,29,Urban,Premium,Concrete,Flat,1,0,1,49.01790762579097,0.8753299293319012,32103592.38619283
Industrial,846.8020161887157,45,Suburban,Luxury,Slab,Flat,1,0,0,44.79956172381921,1.3376897248666175,7073301.479863838
Residential,1745.5327759016038,34,Suburban,Premium,Pile,Pitched,1,1,0,47.09281183629615,1.1503341211067029,7194608.823564243
Residential,2246.410155206263,23,Suburban,Premium,Slab,Pitched,1,0,0,48.00713250372944,1.1036393962126123,6784728.763754919
Commercial,3015.490073710356,37,Suburban,Premium,Pile,Dome,1,0,1,44.040439756214255,0.9746521557779193,13672065.161135437
Industrial,9958.73061279077,11,Rural,Luxury,Concrete,Dome,1,0,0,40.22776526019497,1.183230042903623,25010069.188637424
Industrial,6999.558053051766,6,Rural,Standard,Pile,Pitched,1,0,0,20.17155744082368,0.9920692236418113,4660160.19566959
Commercial,3903.598130654277,18,Suburban,Premium,Pile,Flat,1,0,0,33.97477259669374,1.4311081037009474,16641102.435817787
Industrial,7397.296987845891,21,Rural,Standard,Pile,Flat,1,1,1,37.13486895867083,0.950643135813235,8158344.462527083
Industrial,9161.017982524152,42,Urban,Standard,Concrete,Flat,0,1,0,29.12090817343999,1.4190486053190274,43423906.67408557
Residential,9591.153833337677,36,Urban,Luxury,Slab,Flat,1,0,0,29.54313340710416,1.19158379800915,80003177.93299988
Industrial,672.8525878013032,41,Urban,Standard,Slab,Flat,0,1,1,48.834782471304955,1.3799416937266686,3623693.0192923453
Industrial,4005.7658062204855,38,Suburban,Standard,Concrete,Dome,1,0,1,46.751325956082376,1.2989921971026686,16971519.629112914
Commercial,1156.8850527652553,34,Urban,Luxury,Pile,Pitched,1,0,0,45.47537016505113,1.287686578005724,10020142.586762642
Commercial,3423.0346414899354,17,Rural,Premium,Slab,Dome,0,0,0,32.180354051183315,1.027042065386539,7480686.6979360245
Residential,1779.8310485660988,37,Suburban,Standard,Concrete,Flat,1,0,1,20.410956512267436,0.9637278520305425,4870531.08323248
Industrial,6503.798780520366,25,Rural,Luxury,Slab,Flat,0,0,1,22.406667393671423,0.9476203593765518,20587900.40929365
Industrial,3943.8570014997345,38,Urban,Standard,Concrete,Flat,0,1,1,29.36589104652811,1.400034159941712,19311935.955804933
Industrial,2371.007982479002,12,Urban,Standard,Pile,Flat,0,1,1,20.47228738987031,1.3742987741813142,5781221.838436154
Residential,2732.7854571459657,23,Urban,Premium,Slab,Pitched,1,0,1,20.514493457455945,1.108401469608615,8632458.66925551
Residential,3667.4164425321555,42,Suburban,Standard,Concrete,Flat,1,1,1,47.49809904927233,0.8926832294475182,9216831.864568066
Commercial,2673.5036422572007,22,Rural,Luxury,Slab,Pitched,1,0,1,41.18475506357162,1.0675765763842209,8388637.528876025
Residential,4587.084383605427,21,Suburban,Standard,Slab,Flat,0,1,0,29.26867970204458,1.233540417895838,8044291.283890453
Industrial,419.9279159855396,27,Suburban,Premium,Slab,Pitched,0,0,1,23.979337328028596,1.118082208135967,1618885.4411821743
Industrial,2869.6587209725626,31,Urban,Premium,Slab,Dome,1,1,1,35.349071536852314,1.3461324879380965,15710008.400685519
Residential,4170.946536634644,6,Suburban,Luxury,Concrete,Flat,1,0,0,20.160384825630935,1.4983359755759698,11271361.255228102
Industrial,6067.540632030656,27,Suburban,Premium,Pile,Pitched,1,0,1,48.15241231574432,0.9337924619142278,21594856.394899316
Industrial,2782.480660899786,40,Urban,Standard,Concrete,Dome,1,1,1,32.44445358166841,1.1217555737617007,11160243.992931124
Residential,1418.532739715122,34,Suburban,Premium,Concrete,Flat,1,1,0,32.07004865711998,1.1016887313445753,5867442.427020593
Residential,854.3837580317152,12,Urban,Luxury,Concrete,Flat,0,0,1,31.717808227453467,1.0131447729242655,2504187.158565836
Industrial,9411.265088640295,45,Urban,Premium,Pile,Flat,0,1,0,22.07984991163294,0.9386668617042028,43492578.79359626
Industrial,4224.726671610944,7,Urban,Premium,Slab,Pitched,0,0,0,39.149667193754794,0.8459844815427615,5644327.34600571
Industrial,5853.50994969018,10,Urban,Premium,Slab,Pitched,1,1,0,41.9901085888506,1.4209835220565887,16023704.180180987
Commercial,9199.847863172039,45,Suburban,Luxury,Slab,Dome,0,1,0,40.28376192764871,1.0938940883804222,70135958.22003901
Commercial,919.2093583495307,17,Urban,Premium,Pile,Pitched,0,0,1,24.15306479988183,1.1478268629500343,3643156.3559725974
Commercial,8778.948710665349,26,Urban,Premium,Slab,Pitched,0,1,0,37.36520504106778,1.4418594337406412,51646481.23040085
Residential,5560.719938186294,21,Suburban,Standard,Pile,Flat,0,1,0,37.08453452516761,1.3434033342611635,11884392.660784764
Commercial,1731.8591852563093,28,Suburban,Luxury,Slab,Flat,0,0,1,46.05232363824146,0.891350884882029,6967501.578242733
Residential,4171.425654195154,46,Rural,Premium,Slab,Flat,1,1,0,31.37382975126941,1.1957939773254198,20349232.800929636
Residential,7798.262608978733,2,Suburban,Luxury,Concrete,Flat,0,0,0,31.14457830978303,1.1095765935636914,9817318.251400141
Commercial,4855.663810476911,43,Suburban,Premium,Pile,Flat,1,0,0,38.55581176154557,1.358047750805134,41228569.26107253
Commercial,9854.331901588494,1,Rural,Premium,Concrete,Flat,1,0,0,38.992179604985395,1.3069627833283644,11673607.356090227
Commercial,3829.7158023856136,36,Suburban,Premium,Concrete,Flat,1,0,1,34.07855681977371,1.2832840053377503,20285516.942825116
Industrial,7520.825169763113,26,Suburban,Standard,Concrete,Dome,1,0,0,33.29178086991263,1.0383813848359278,15958241.372708678
Commercial,3990.5955448907052,29,Suburban,Standard,Pile,Dome,1,1,1,34.82443011913648,1.3634746112794782,13598532.10691967
Industrial,8308.725784994493,21,Suburban,Standard,Pile,Dome,0,0,1,45.83135898509936,0.8366739069164029,12802196.34175502
Residential,5733.906544740902,11,Rural,Luxury,Slab,Dome,0,0,0,33.8350070376173,0.9117374310025171,8553184.982543368
Industrial,728.7671129410134,40,Suburban,Luxury,Concrete,Flat,1,1,0,48.19795375909467,1.0349362910845383,4559555.493127303
Commercial,464.53648959631465,11,Suburban,Standard,Slab,Dome,1,1,0,35.120112907889784,0.8537652087484969,563862.1223785378
Residential,1425.1359761262686,36,Rural,Luxury,Concrete,Flat,1,1,0,48.47602079542674,0.9644959942742841,5166748.197485909
Residential,235.3524517872731,49,Urban,Premium,Pile,Dome,0,0,1,44.984957056072275,1.3811056880985428,1589109.5947791438
Residential,846.054697489377,39,Rural,Premium,Pile,Pitched,1,0,1,30.87293967847487,1.4637760764530556,4225594.499822535
Industrial,6947.972531972229,40,Urban,Premium,Pile,Dome,0,0,1,45.909242638898476,1.0132216490419335,34928675.218520135
Commercial,5390.028122791685,35,Rural,Standard,Concrete,Dome,1,1,0,23.301898526033455,0.9851610627921867,13015298.613273326
Residential,7524.116419752721,34,Rural,Luxury,Pile,Flat,0,0,1,47.751415260290436,0.9959248565724989,26371214.705720607
Residential,9140.340947350664,47,Suburban,Standard,Concrete,Dome,1,1,0,38.94930545248675,0.9944033611455907,26113513.60363877
Residential,5892.980370022173,24,Urban,Luxury,Slab,Pitched,0,0,0,21.631722455669337,0.8251511275301812,19221702.816996504
Industrial,7288.5963563112955,22,Suburban,Premium,Concrete,Flat,1,1,0,39.32770170952435,1.4488414424317757,30770533.17142891
Industrial,7595.103900220313,5,Urban,Standard,Slab,Flat,0,0,0,49.22742962434268,0.9495886990992299,6401718.157914241
Commercial,3840.720437830286,33,Rural,Luxury,Concrete,Dome,0,0,0,22.094019638438866,1.0940028518569835,17119150.631204486
Industrial,2486.739840063355,36,Rural,Luxury,Slab,Flat,0,0,1,36.64063129340259,0.8067808179186775,9425477.580311872
Residential,2129.9487522145964,47,Urban,Premium,Pile,Flat,0,1,1,42.43383049278117,1.40056856364054,15494626.812616324
Commercial,2589.280151166805,20,Suburban,Standard,Slab,Flat,0,1,0,44.30775760098594,1.3118101411184422,6445875.819226187
Residential,2819.8447905564967,19,Suburban,Standard,Pile,Flat,0,0,1,32.414823959623874,1.4627292246215924,5280572.463612368
Residential,2151.553725179759,35,Suburban,Standard,Pile,Flat,0,0,0,26.12499677504729,1.3471308354374794,7076220.404864479
Industrial,8794.384608044003,43,Suburban,Premium,Slab,Flat,1,0,0,21.270268363171514,1.0195945584364456,36820312.81819279
Commercial,7594.291408505064,17,Rural,Standard,Concrete,Pitched,1,1,0,37.391784712916746,0.9735113511098966,11208751.710127834
Industrial,564.2750311330772,45,Rural,Premium,Concrete,Dome,1,0,1,33.58733210802832,1.2884014152873051,2343622.8451302685
Industrial,2759.857572050543,43,Rural,Premium,Concrete,Pitched,1,0,0,48.462331854491325,1.0548789425073497,11567841.022785973
Commercial,319.62894609998614,34,Rural,Premium,Concrete,Flat,1,0,0,21.818147231447295,1.1963505110268315,1540142.0753853952
Residential,5031.83534779434,9,Rural,Luxury,Concrete,Flat,0,0,1,40.56186030338017,0.8043802297185292,6579306.762265649
Residential,4814.48589821124,26,Suburban,Standard,Pile,Dome,0,1,1,20.748986663601716,0.8433199911763327,6499887.642045303
Commercial,8330.577751618763,2,Suburban,Standard,Concrete,Pitched,0,1,1,25.143025301316282,1.174757558827156,8692306.972789226
Residential,3146.9946737333894,9,Suburban,Premium,Pile,Dome,0,0,0,33.607369997685026,1.1962501525137155,4920709.743935848
Commercial,8182.218778609317,9,Suburban,Premium,Pile,Pitched,0,0,0,33.646173284086046,1.3260170611215405,17745625.674268704
Commercial,9682.940277854248,40,Rural,Standard,Pile,Flat,1,1,1,40.57101628800932,0.8923757237367733,23832732.534201715
Industrial,975.2414113199011,17,Rural,Premium,Slab,Dome,1,1,0,47.3063910460327,1.159228158629745,2090904.2041284142
Commercial,7938.996610749366,1,Rural,Standard,Slab,Dome,1,0,1,39.17096476744763,0.9361133511021821,4322871.2334115105
Industrial,5940.563381662597,25,Urban,Luxury,Pile,Flat,1,1,1,48.606052935545264,0.8652372836938863,29532282.349905215
Residential,4852.455073482904,43,Suburban,Premium,Slab,Dome,0,1,0,46.44846919633993,1.0873470558423883,25948550.092637055
Residential,4263.304208784243,40,Suburban,Standard,Concrete,Pitched,0,0,0,37.53499386592371,0.9143356536623402,8410972.883884532
Residential,7868.215813048664,42,Rural,Premium,Concrete,Pitched,0,1,1,45.01375852756482,0.955247384734623,22939727.546824493
Residential,6429.677434044999,25,Suburban,Standard,Pile,Pitched,1,1,1,39.27732830970902,1.0222882059086513,12870129.892978597
Industrial,8069.942208441683,39,Suburban,Standard,Concrete,Pitched,0,0,1,22.356734927711813,0.9815718805202374,20928247.487375405
Residential,9041.1954808986,35,Rural,Premium,Pile,Flat,1,0,1,42.2169416977853,0.8613139081841625,23417945.194102637
Commercial,6210.910749763191,3,Urban,Luxury,Pile,Dome,0,1,0,22.847253238020386,0.8629413714017916,12220942.446596347
Commercial,9806.58097841454,37,Urban,Standard,Concrete,Pitched,0,0,1,37.82248341709138,0.9352745906639177,36866527.67136113
Commercial,6120.069710464663,44,Urban,Standard,Slab,Flat,1,1,1,41.07920617574686,0.8353914315716773,25203794.013747074
Industrial,6402.778784060598,44,Rural,Standard,Concrete,Dome,0,0,1,21.995828246325658,1.238519913773849,22406961.067329932
Residential,5592.674524568034,30,Suburban,Luxury,Concrete,Dome,0,1,0,26.923839617795952,1.0011287015562313,19402470.373583533
Residential,1000.9207014081697,38,Rural,Luxury,Pile,Flat,1,0,0,47.470166967849494,0.9958221774383498,4613685.563376017
Residential,7291.33062323726,34,Rural,Premium,Pile,Flat,0,1,1,38.48943476698689,1.0323988059664357,20016065.563730538
Industrial,5519.7184383012045,12,Suburban,Luxury,Pile,Pitched,1,1,0,27.388580564315948,1.2639573919468052,19693206.75847674
Commercial,4564.013429419434,19,Urban,Premium,Pile,Dome,0,1,0,40.7203931344402,1.4094437170384433,20166212.47654057
Commercial,9113.665656192403,37,Urban,Premium,Slab,Dome,0,0,0,37.90329259885069,1.331360852788947,60660824.645112306
Residential,3049.7985702653095,44,Rural,Luxury,Slab,Flat,0,0,1,35.04727099753845,1.3092704611575665,18759786.893593382
Commercial,5283.662532548611,49,Urban,Premium,Slab,Dome,0,1,1,49.28560924964251,1.1390738299205945,35229306.15218022
Commercial,7006.654527785287,17,Rural,Luxury,Pile,Pitched,0,1,0,40.50361332222526,1.2856638898771882,28631765.15617934
Industrial,7985.070579171385,10,Rural,Premium,Pile,Dome,0,0,1,31.26323329003738,1.1869336576235083,14368660.721311612
Industrial,4647.533398667108,49,Suburban,Luxury,Pile,Flat,0,0,1,44.00220296230604,0.9513753697305702,29790140.939058695
Industrial,8436.705008685225,47,Suburban,Luxury,Slab,Flat,0,0,0,46.537498787635634,0.9460118574187355,50751672.432277255
Industrial,7712.285639022435,12,Suburban,Premium,Pile,Pitched,1,0,0,23.756616785504942,1.0074744048126985,13573134.370461302
Residential,755.736180733472,16,Rural,Standard,Concrete,Pitched,1,0,1,26.016589335357995,1.4375618696788695,1291710.0914127326
Industrial,554.0265374058662,24,Suburban,Premium,Concrete,Dome,0,0,0,26.48681027383339,1.1831903882658081,1902656.7084924262
Commercial,6245.976275778704,19,Urban,Luxury,Pile,Dome,0,1,1,40.736354281596206,1.3137337639013085,35406379.870820776
Residential,3539.392741431601,8,Urban,Standard,Concrete,Flat,1,0,1,38.0911866515985,1.0425911318715833,4101214.739176415
Commercial,2170.3948316772903,31,Rural,Premium,Concrete,Pitched,0,1,0,38.56974694095764,1.0854010394656577,7636055.789809938
Commercial,5838.53435127021,21,Rural,Premium,Slab,Pitched,0,0,1,48.22319899068503,0.887895905046076,12283414.114266047
Commercial,3481.4757835197956,17,Suburban,Premium,Pile,Pitched,1,0,1,43.27734598421918,0.9199064704751693,7798880.699783523
Industrial,5418.907825469294,23,Rural,Standard,Pile,Dome,0,1,0,23.838107735353496,1.379149588378302,11958342.582013257
Industrial,4655.179673937363,37,Rural,Luxury,Slab,Pitched,0,1,0,30.425212472755433,1.2093870421822175,23399851.28271487
Residential,5889.184448896622,16,Urban,Premium,Concrete,Flat,1,0,0,33.06180938527207,1.0362727261186733,15017621.446210727
Residential,4062.9748402117852,6,Urban,Premium,Concrete,Flat,0,1,1,31.878847662428146,1.3619958462968822,7887704.214630509
Industrial,7006.908979599624,8,Suburban,Premium,Pile,Dome,0,1,0,40.07925827485637,0.9725639339465881,10918767.077162392
Commercial,1882.6659962580554,25,Rural,Premium,Concrete,Dome,1,1,0,46.75679309769688,1.4832228890201427,8408403.084335271
Residential,6995.364515648082,18,Rural,Premium,Slab,Pitched,0,1,0,29.18154390568364,1.0413723254223188,14134366.86231498
Industrial,4175.446022139528,25,Urban,Luxury,Slab,Dome,1,0,0,36.55631409263557,1.0361176679058592,21995271.16749033
Industrial,8755.74428805873,12,Rural,Luxury,Pile,Flat,0,1,1,43.68228265740757,1.0183383338756937,17767855.331805546
Industrial,5200.836943155688,15,Urban,Premium,Slab,Pitched,0,0,1,32.48654176536048,0.8854780611470016,10765908.54480963
Commercial,9733.792457774032,26,Suburban,Standard,Slab,Flat,1,0,0,25.043543851978875,0.8777960031324087,22811227.04350746
Industrial,6059.1604158555065,41,Urban,Luxury,Pile,Pitched,1,0,1,34.24852895791245,1.2536735241738863,53220828.52833079
Industrial,2316.105752472574,45,Rural,Standard,Slab,Dome,0,0,0,21.656675622290855,1.4125826311906329,7781534.394525721
Industrial,8235.727304760047,26,Suburban,Luxury,Slab,Pitched,1,1,0,48.2715036200683,1.3533643571901715,46914252.92377464
Industrial,3516.3180154416286,47,Urban,Premium,Slab,Pitched,1,1,1,22.244636155849193,0.8987753158149459,18883153.503588375
Residential,3541.430223378567,32,Urban,Luxury,Concrete,Flat,0,0,1,33.15370145751734,1.1819074852544467,21185022.867059313
Residential,414.8663467031348,10,Suburban,Premium,Pile,Flat,0,0,0,35.896437832655785,0.8739140821836481,648590.4759865064
Industrial,5532.281561153345,16,Suburban,Luxury,Pile,Pitched,0,0,0,49.55911496861856,0.8317062505291543,11780642.57825781
Commercial,5390.792686951978,7,Urban,Premium,Pile,Dome,1,0,1,24.980654709285822,1.259470101569337,13285177.130252581
Residential,3624.3156942926626,17,Rural,Premium,Concrete,Dome,1,1,0,23.432945558370758,1.1746066335762453,8491164.81074784
Industrial,8952.750902669664,23,Urban,Premium,Concrete,Flat,1,0,1,20.261184411876307,0.8574165796480296,25852142.908943515
Residential,1374.6091431664747,26,Suburban,Premium,Pile,Dome,1,1,0,24.66714310607907,0.824457472484192,3160187.799315853
Residential,3367.9851817705385,21,Urban,Standard,Concrete,Flat,0,0,0,26.21818937203003,1.4928294893865344,10319539.107690966
Commercial,3283.669370332287,22,Suburban,Premium,Pile,Dome,1,0,1,38.917428247492765,0.8210149325043503,7729153.439636643
Industrial,1013.6768036645863,7,Suburban,Standard,Concrete,Pitched,0,0,1,26.59120371174201,1.1111697771351117,1162458.2030081959
Industrial,4863.339401157303,14,Rural,Standard,Slab,Flat,1,0,1,20.615624441879756,1.153233317225387,6372087.640322752
Commercial,6909.068699251222,15,Suburban,Premium,Slab,Flat,0,1,1,44.79855036507466,0.8820961034603115,16332341.666008748
Commercial,5165.404434117886,7,Suburban,Standard,Pile,Pitched,0,1,1,30.967871030119003,0.9183432449078014,5752549.30588377
Industrial,1654.0790588903178,9,Rural,Luxury,Concrete,Flat,0,1,1,30.610900597422017,1.0462635044872468,2849076.407462019
Industrial,3835.131055896519,48,Suburban,Premium,Concrete,Dome,1,0,1,29.074370875037797,1.333173113349564,28956560.208819088
Commercial,125.69074139810095,8,Rural,Standard,Slab,Dome,0,0,0,49.26119831439263,1.1549576968421866,128401.67636769329
Residential,8696.180959652309,23,Rural,Premium,Slab,Flat,0,1,0,25.103462519278445,1.2465313121870731,23011073.772092123
Residential,936.7183760387511,29,Suburban,Premium,Concrete,Dome,1,1,0,46.947141918597055,1.4896221885634722,4960391.415979638
Commercial,6013.053014328762,18,Suburban,Premium,Concrete,Flat,0,0,1,43.30409996419664,1.337603804719247,25485061.896245323
Residential,9863.94425908147,31,Urban,Standard,Concrete,Pitched,1,0,1,22.294398664979393,1.1040530486988525,27925838.031093743
Commercial,5412.247395274592,30,Rural,Luxury,Concrete,Flat,1,1,1,49.60187304502546,1.112509345257584,28911004.03190243
Residential,9248.013415163588,39,Urban,Luxury,Concrete,Pitched,0,0,0,28.140978906170318,1.2331404539287036,64645513.0289215
Residential,2437.5536778623027,35,Suburban,Standard,Concrete,Dome,0,0,1,22.95748781067237,1.265755645893233,8853778.212697497
Industrial,7623.558548482098,18,Urban,Premium,Pile,Pitched,1,1,1,44.879427023772784,1.15049764808567,28912605.727135032
Industrial,5359.530964337987,42,Rural,Standard,Concrete,Dome,0,0,0,41.20026601033099,1.251402855970486,15474452.776047427
Residential,7233.109007775502,39,Urban,Standard,Slab,Flat,1,1,1,38.51656417633703,0.8164727460898692,19751828.616129357
Residential,717.1794888612903,17,Rural,Standard,Pile,Dome,1,0,0,24.679425910967993,1.100736004727791,931652.6870722547
Industrial,1562.6170098716443,14,Suburban,Premium,Concrete,Flat,1,1,0,34.354883487678855,0.9952566532514338,3475716.6381579298
Industrial,1417.8575930160348,31,Suburban,Standard,Slab,Flat,0,0,1,43.41668080661641,0.8904221116701774,2834165.221701588
Industrial,6902.938503492978,24,Rural,Premium,Pile,Pitched,1,1,1,29.10871814431521,0.8696825589661427,14274867.892170258
Commercial,8459.962659072924,35,Suburban,Standard,Slab,Pitched,0,1,1,29.350694855451245,1.2222345159302672,31292536.224960268
Residential,7521.2006968850155,44,Suburban,Luxury,Concrete,Pitched,0,1,0,20.094227181443664,1.1665203830068283,43237375.78588963
Industrial,401.6743120625822,45,Suburban,Standard,Concrete,Pitched,0,1,0,25.227302049361384,0.9775088818974584,1311240.1717450314
Residential,8685.42831263976,34,Suburban,Standard,Concrete,Dome,0,0,0,46.26216875365503,1.1296650411407603,19855048.02532032
Commercial,3606.052040851942,3,Rural,Luxury,Concrete,Dome,1,0,1,33.25239474913121,1.1445626206276858,5342907.492205711
Commercial,4031.921941790417,37,Urban,Premium,Pile,Dome,0,1,1,49.52703497703302,0.936506286307031,21783119.511463635
Industrial,1138.204748671561,43,Urban,Premium,Pile,Flat,1,0,1,31.871238907213776,1.2564651433171554,7932007.751080093
Commercial,7400.311540328809,40,Suburban,Standard,Slab,Dome,1,0,1,41.45559364340724,1.3466435494702633,35553623.40171296
Residential,1904.6103969119847,26,Urban,Luxury,Concrete,Dome,0,0,0,28.457571287141874,1.3540244786226632,10507774.620849246
Industrial,5683.25441098648,23,Urban,Premium,Slab,Dome,1,0,0,30.914289234228004,1.2217288814924185,22883309.85283748
Residential,8423.028860191518,44,Suburban,Standard,Pile,Pitched,1,0,0,25.72177962772684,1.1581470077633098,29569831.217210565
Residential,983.1228542493562,39,Suburban,Luxury,Concrete,Dome,0,1,0,30.41187105498185,0.8427050001037765,4445285.497364076
Commercial,5399.822083753683,15,Urban,Premium,Concrete,Flat,1,1,1,36.417125612619294,1.0014819091961242,18477857.226728156
Commercial,2408.842474343032,49,Rural,Premium,Pile,Pitched,1,1,1,49.75318642937748,0.865290012744719,10617349.073449563
Commercial,3494.9759563547764,4,Suburban,Luxury,Pile,Flat,1,1,1,39.92605139215357,1.4746762126149315,10522377.864898661
Commercial,4792.302420162506,29,Rural,Luxury,Pile,Dome,1,0,0,25.977378632249422,0.8945561023580325,18678126.399807323
Commercial,3615.532602465117,22,Urban,Luxury,Pile,Pitched,0,0,0,21.348843247746533,0.9062427868957714,15283482.0557544
Industrial,6523.346118886602,25,Suburban,Luxury,Pile,Flat,1,1,1,23.790694439435317,1.4227036328313445,45226074.8360253
Residential,4847.862807367077,13,Rural,Standard,Concrete,Dome,1,0,1,36.87665603819142,1.4607497984335205,7906681.25485302
Residential,5883.574898670276,18,Suburban,Luxury,Pile,Flat,1,0,0,42.95480986450299,1.3360803274644368,24946721.64646563
Residential,7394.542506409637,33,Urban,Premium,Concrete,Flat,1,1,1,48.21257621902241,0.803783446570869,24293368.058760285
Residential,5621.64843290933,16,Rural,Premium,Concrete,Flat,0,0,0,20.474695159904623,0.8009423896695946,7402781.024302558
Commercial,5906.700803141515,45,Urban,Standard,Pile,Dome,1,1,0,35.682804246856094,1.0646705388512157,32031839.99421789
Residential,5688.139570974148,42,Urban,Premium,Pile,Dome,0,1,0,34.126020686695306,0.9003767590076248,21667756.85972843
Industrial,3849.8489969177645,44,Suburban,Premium,Concrete,Flat,1,0,1,39.68165065927112,0.8128702995061181,17461607.635834906
Industrial,3440.723655331989,2,Rural,Luxury,Pile,Pitched,0,0,1,36.78736563396026,1.1248466825831533,3443653.603698437
Residential,9006.509231735621,35,Urban,Premium,Pile,Pitched,0,1,0,40.61117451747442,1.4601433281848801,58723903.25581784
Residential,6114.796700706371,42,Urban,Standard,Pile,Dome,0,1,1,39.74247754247571,1.026673702431702,23568742.775227487
Industrial,2519.09623910008,34,Rural,Luxury,Slab,Dome,0,0,0,23.510351745738387,1.2627984749000876,12177998.13798644
Industrial,5032.652208704508,30,Urban,Luxury,Concrete,Dome,0,1,0,43.991537408561584,1.2565647471927086,33874172.252237916
Commercial,3370.4499646810486,13,Urban,Standard,Slab,Dome,1,1,0,23.696977271489747,0.9757560725656175,6806867.662040244
Industrial,9343.549055222758,13,Rural,Luxury,Pile,Dome,1,1,0,40.955918756274116,1.255297674176705,30428667.95447908
Commercial,174.59019502733992,18,Rural,Luxury,Slab,Pitched,1,0,1,32.4843610292182,0.9486337820008239,502016.3221047095
Commercial,2330.7946973540297,32,Rural,Standard,Pile,Dome,0,1,0,35.41552203729793,0.8854051895038224,4279784.180021442
Commercial,3717.0325147731705,32,Rural,Luxury,Slab,Flat,1,0,0,47.098940431271316,1.290968299891783,21075514.617855936
Commercial,4929.317028006505,35,Suburban,Standard,Pile,Flat,0,1,1,46.696511794204596,0.8794085719727418,11252996.742356634
Commercial,8523.093426577847,39,Rural,Standard,Slab,Pitched,0,0,0,44.53568916965089,1.4978364530125488,35448529.48900554
Residential,970.0874829474243,46,Suburban,Premium,Slab,Flat,1,1,0,35.3044514136897,0.9284166808051606,3880690.1456260714
Industrial,8078.06237873732,29,Suburban,Premium,Slab,Pitched,1,0,1,42.08719430401499,1.2158993039295203,33141274.13519774
Commercial,650.9695446340559,49,Suburban,Luxury,Concrete,Pitched,0,0,1,35.386911665564284,1.0879621999888127,6044768.619959114
Industrial,8438.908949451998,29,Urban,Luxury,Slab,Flat,0,0,1,46.088182474243325,0.8884704956839671,37886331.45011037
Industrial,611.1912309576771,44,Suburban,Standard,Concrete,Dome,1,1,0,32.083274996987,0.8194907353041894,1730930.7454605058
Commercial,280.6005661407744,16,Suburban,Luxury,Pile,Flat,1,1,1,49.1070603324463,1.2359125976049834,1158831.650819898
Residential,6999.918477427574,44,Urban,Standard,Slab,Flat,1,1,1,47.969682746866326,1.3647302946523883,37417203.69172626
Commercial,9972.829794207104,47,Urban,Standard,Pile,Pitched,1,0,0,42.248078583553564,1.3894109630547207,66897275.49164514
Residential,8976.441603442807,10,Urban,Luxury,Pile,Flat,0,1,0,28.382476525282158,1.1378994311538542,25026059.8600801
Industrial,5802.3843362760335,30,Rural,Standard,Slab,Pitched,1,0,0,23.949607663797753,1.34421882702767,14602465.274496986
Residential,9182.216569546763,25,Urban,Premium,Concrete,Dome,1,1,0,45.64110350279593,1.2709929934419812,34642352.59712449
Residential,152.47006333629363,39,Urban,Luxury,Slab,Dome,1,0,0,24.959068584138837,1.3069781692493931,1243611.7152259955
Residential,9753.16491315691,20,Suburban,Premium,Pile,Dome,0,0,1,45.627823669920076,1.1448193036552698,25262048.376202684
Industrial,4958.412914661966,5,Urban,Luxury,Pile,Flat,0,0,1,34.722950201370814,1.243388218169489,10883145.251288306
Industrial,7256.671356555579,1,Rural,Standard,Slab,Pitched,0,1,1,32.196703514243126,1.36386813950324,4694876.57031118
Residential,8226.528584218191,30,Urban,Luxury,Concrete,Dome,0,1,0,47.095723365032875,1.0785189228899161,43298535.13006915
Residential,7212.726981281881,49,Rural,Premium,Concrete,Pitched,1,1,0,38.11552947620834,1.3641852306073086,35382900.830912426
Commercial,5396.863647244614,3,Urban,Standard,Pile,Pitched,0,0,0,37.29842021389153,1.2144117899523441,5042735.373874381
Residential,4818.532892851478,45,Urban,Luxury,Pile,Dome,1,0,1,36.762978338731926,0.9161307170595504,34562394.39188463
Commercial,8401.967331155985,14,Urban,Luxury,Concrete,Dome,1,1,1,31.135085480585943,0.8172789100572093,27957521.69491892
Residential,2130.267845479645,30,Urban,Luxury,Slab,Pitched,1,1,0,43.56929310587382,1.0539275202794065,9004720.163001455
Commercial,9683.14125839192,4,Rural,Premium,Pile,Dome,1,1,1,27.583953320473192,1.182687429807438,16740716.29965019
Industrial,7138.429540483808,18,Rural,Premium,Concrete,Pitched,0,0,0,48.16684880123825,1.3878742465424418,20581397.776398197
Residential,2075.118580649366,37,Suburban,Luxury,Pile,Pitched,0,0,1,46.81955615140882,0.8892399760981724,8537545.877814943
Residential,7388.847118615033,25,Rural,Standard,Slab,Dome,0,0,1,30.124409770246945,1.3601444433785055,13142166.532880003
Residential,5345.416229493055,48,Urban,Standard,Concrete,Flat,1,0,1,41.88391309494991,1.4041063322470588,29101596.947972707
Residential,7101.57794688,1,Suburban,Premium,Pile,Dome,1,0,0,37.196695833487745,0.9054812409005837,5682988.72649531
Commercial,7701.017064284104,46,Suburban,Standard,Slab,Flat,1,1,1,30.129479059977037,1.3961160235129533,45511839.8958663
Residential,964.1727779377869,15,Suburban,Premium,Pile,Pitched,1,0,1,49.6556494398634,1.4940174974899545,2649810.210840878
Industrial,5110.429167957535,9,Urban,Luxury,Slab,Pitched,1,0,0,20.757120375447926,1.3087871817337664,19546951.53946674
Industrial,9326.941988343648,15,Rural,Premium,Slab,Flat,0,0,1,27.5793809186386,1.3493387772774916,20178063.82141262
Residential,3274.3577023791913,49,Urban,Premium,Concrete,Pitched,1,0,0,35.60222183333451,1.4960906872912114,29172271.813866094
Industrial,5979.442665823198,24,Suburban,Luxury,Slab,Flat,0,0,0,35.65859010435692,1.2238368753681619,25187677.92279085
Residential,3755.3817669479718,4,Urban,Standard,Pile,Flat,1,1,0,37.66799224836693,1.0155204674113747,4382030.388692755
Residential,4597.252924969087,12,Urban,Premium,Slab,Pitched,1,0,0,42.55028516068758,1.386271583853239,14171089.741842337
Industrial,5531.170867587716,37,Rural,Premium,Slab,Flat,0,0,0,38.70433491557889,1.2301400442581418,27193929.673697144
Residential,5534.327600900875,37,Rural,Luxury,Concrete,Dome,0,0,1,38.008443815841105,1.2068367966046696,27735353.537099566
Industrial,2097.1315770693345,43,Suburban,Standard,Slab,Dome,1,1,0,21.6054338873913,0.9775448888598268,6100031.701052254
Commercial,6877.2583240103495,6,Urban,Premium,Slab,Pitched,1,1,0,31.29590863367895,1.3294339887080207,20045556.096248303
Residential,969.8943013023024,39,Urban,Luxury,Pile,Pitched,1,1,0,26.96167219103468,0.8571670931020674,5762928.974076
Commercial,1474.3652570760016,46,Rural,Premium,Concrete,Flat,1,0,0,27.96110334805926,1.447000949556263,10149947.17768612
Industrial,126.83790420186374,24,Urban,Luxury,Concrete,Flat,0,1,1,36.63012423021034,1.0280764225393393,653602.944926279
Commercial,1255.291035002645,11,Urban,Standard,Concrete,Flat,1,0,0,25.985159447888254,0.8894422569529934,2066556.8567953624
Commercial,4784.345390413733,13,Urban,Standard,Slab,Flat,0,0,1,28.818473030506926,1.1096565731716932,8749455.971704723
Industrial,6100.408622452803,34,Rural,Standard,Concrete,Dome,1,1,0,27.112541255520203,0.8297289364795732,9469531.179903232
Commercial,7963.465554667978,25,Suburban,Standard,Slab,Dome,0,0,1,48.45508829654584,1.2792383359854764,21761853.280374184
Commercial,1156.322576123017,7,Suburban,Premium,Slab,Pitched,0,0,0,48.339971965132854,1.4318938573117492,2779376.8626472154
Industrial,8522.201854162902,4,Urban,Premium,Pile,Flat,1,0,0,38.29824675788155,1.3860841049969561,16807067.366552766
Commercial,7485.14780293231,8,Suburban,Standard,Pile,Flat,0,1,1,47.735674061957,0.8891586314135168,7382826.130716178
Industrial,4144.331100065578,20,Rural,Standard,Pile,Pitched,1,0,0,43.5743793640512,0.8883897959754123,5498587.999774688
Commercial,9336.086864289551,29,Rural,Standard,Pile,Flat,0,0,1,37.69843648405426,1.3694041376269848,27194831.40286788
Industrial,9910.201816928167,45,Suburban,Premium,Pile,Flat,1,1,0,20.193056344903873,1.4469779922221813,71558759.13888487
Industrial,2129.517919527049,46,Suburban,Standard,Slab,Flat,0,0,1,43.17548858238212,1.1224688808834424,7315686.709247471
Commercial,3854.362991141624,10,Urban,Standard,Slab,Flat,1,0,0,41.07465024765406,1.149279781839636,6981477.35437574
Commercial,9271.84929353814,43,Suburban,Standard,Concrete,Flat,1,1,0,38.457609598472416,1.0227834289700082,32359228.065290935
Commercial,7243.805852437644,34,Urban,Luxury,Slab,Pitched,0,0,1,42.81272935047415,1.4259855827794898,79072985.62162949
Residential,576.1369752444682,26,Urban,Standard,Slab,Flat,0,0,0,35.38766494324297,1.2514320337046492,1447793.3357910914
Residential,7836.993369339008,41,Rural,Luxury,Pile,Pitched,0,0,0,41.12249813964017,1.001776104017158,32702437.512335993
Residential,8296.61478305717,49,Rural,Luxury,Slab,Flat,0,0,0,48.0551626017948,1.0091480097379761,46086233.60651139
Industrial,7529.969055176603,3,Rural,Standard,Pile,Dome,1,0,0,31.27415047538259,1.4238400511445217,6225364.543269802
Commercial,8015.417596103204,6,Rural,Luxury,Concrete,Dome,0,1,0,41.24365504701876,0.809543816734075,12189767.8911791
Industrial,8268.813499258693,5,Suburban,Standard,Concrete,Dome,1,1,0,34.27063454032876,1.0259086009086469,7999342.291249606
Residential,1945.4093692026265,5,Rural,Premium,Slab,Dome,0,1,1,40.23198955441944,1.1880496768514583,2253439.9504969735
Commercial,2433.348286043498,47,Suburban,Premium,Concrete,Pitched,1,1,1,42.886800066630926,0.9037522234695272,14062373.760034787
Industrial,6374.209780829755,23,Rural,Premium,Slab,Pitched,1,0,1,21.363575013073877,0.8644691279397129,12731564.170515535
Commercial,9087.874691578909,49,Suburban,Premium,Concrete,Flat,1,0,0,39.39801331845986,1.3706934317633919,75501619.85233463
Industrial,3230.3461647352965,9,Urban,Luxury,Pile,Dome,1,0,1,26.802235532208336,1.426083072053955,11695784.805571824
Commercial,5924.236090371061,35,Suburban,Standard,Pile,Pitched,0,0,0,40.100976134227004,1.3765244945587325,23951841.543687966
Residential,6861.522427829611,20,Suburban,Standard,Pile,Flat,0,0,0,34.0499055780144,1.4291515228161433,13848410.296263184
Residential,4574.291152860488,49,Rural,Standard,Pile,Flat,1,1,0,43.206582255946614,1.1871783797408602,15254367.600899497
Commercial,7166.446303067727,42,Suburban,Premium,Slab,Pitched,0,1,0,23.70202445616789,1.3685806846932393,42513203.33611785
Industrial,9006.707708392514,35,Urban,Premium,Concrete,Dome,0,0,1,38.78967054968585,1.0688298468737703,45848744.869607925
Residential,6278.6052874001925,18,Urban,Standard,Slab,Flat,1,0,0,28.35412186782657,1.2663875030353269,14497914.364984715
Residential,5443.8325129548675,17,Rural,Premium,Pile,Dome,0,0,1,45.589459859917746,1.4921848719724151,13753005.04501817
Residential,4443.572286344556,24,Urban,Standard,Slab,Dome,0,1,0,47.85150516908922,0.9580094066873892,9861166.131804824
Commercial,5817.114081970644,3,Suburban,Standard,Concrete,Dome,0,0,1,49.89194881037166,1.0729298224037565,5225506.0171244405
Commercial,3618.088273002119,32,Urban,Standard,Slab,Flat,1,0,1,43.8802220728185,1.13603316411706,14789638.871539427
Industrial,3975.672890994869,35,Rural,Standard,Concrete,Dome,0,0,1,42.61202211284014,0.8966108409140363,5963368.851378551
Industrial,5365.389048912923,38,Suburban,Standard,Slab,Flat,1,1,1,26.465022766026532,0.8567270273255397,12830750.733653108
Industrial,759.529212669088,13,Rural,Standard,Concrete,Dome,0,0,1,30.08021176970326,1.380806006425137,1175214.454502483
Commercial,2367.351370155484,47,Suburban,Standard,Concrete,Flat,0,1,1,33.97047625286839,1.4837560609793103,11841610.322469836
Commercial,5474.208175072748,25,Urban,Premium,Pile,Dome,0,1,0,43.20143143346749,1.083307544680761,25412473.88731658
Industrial,4372.128617050782,9,Rural,Standard,Concrete,Pitched,1,1,1,47.448975952339055,0.8613548853362574,3237722.4771663873
Industrial,3394.8762805335946,4,Rural,Standard,Pile,Dome,1,1,0,25.67417300068954,0.8460682324834036,1892297.9797380522
Commercial,7332.4364544120845,14,Suburban,Premium,Pile,Dome,0,1,1,47.67102454010309,1.4239227444522091,24082321.300736606
Industrial,6967.804313293051,37,Rural,Premium,Pile,Flat,1,1,0,40.86873957062174,1.124669974809376,23011057.97658213
Residential,1750.6345239344932,34,Suburban,Premium,Slab,Flat,0,0,1,38.32312192055116,1.0240191215936743,6267092.773136647
Commercial,8798.428242197038,11,Suburban,Standard,Slab,Dome,1,0,1,25.995238138458184,1.1335228898675798,14507687.557496823
Industrial,5004.69390139926,41,Suburban,Luxury,Slab,Pitched,1,0,0,21.665750984274517,1.0228128662846432,31999916.876667004
Commercial,7440.46302027655,3,Suburban,Luxury,Slab,Pitched,0,1,1,37.053946955238196,1.142325042715334,16289726.545508556
Residential,5774.193407648148,28,Urban,Premium,Concrete,Flat,0,0,1,39.545470499866774,1.401689477842556,31693177.11471907
Commercial,9977.15689764605,29,Suburban,Luxury,Concrete,Pitched,0,1,1,26.32344348064065,1.214610959743467,65410618.69480874
Commercial,7548.790888384345,9,Rural,Premium,Slab,Dome,0,1,0,36.69368617476369,1.2862576409671227,16701734.06853292
Commercial,7099.1065663102445,3,Urban,Standard,Concrete,Flat,1,1,1,45.6948020828772,1.0552694733640355,7562086.832349556
Commercial,7807.862196602436,25,Rural,Luxury,Concrete,Dome,1,0,0,45.051978363650605,1.3169541149573631,42872302.52383462
Residential,1516.9670569298492,34,Urban,Standard,Pile,Flat,1,1,1,47.82065541758892,1.2666319594155606,5852798.709006776
Commercial,2124.9914723776865,12,Suburban,Luxury,Pile,Flat,0,1,1,30.976574286706413,0.8836933984264396,5773898.407305136
Commercial,7169.23441401378,42,Urban,Standard,Pile,Flat,0,0,0,29.54148717652756,1.2008499971809092,36471766.54074156
Industrial,4990.41672259554,9,Urban,Luxury,Pile,Flat,1,0,1,42.48278017942426,0.9797204474168306,11871044.148033157
Commercial,7570.889389415154,15,Rural,Standard,Concrete,Pitched,0,1,1,32.93337215291015,1.362866968743515,12405786.664669836
Industrial,1118.8687043670357,40,Rural,Standard,Slab,Dome,1,1,0,22.62645992083342,1.0981563959268577,3423284.938275898
Residential,5411.165379697488,25,Suburban,Luxury,Concrete,Dome,1,0,1,28.484033920114992,1.4962789156375411,29838078.195800606
Residential,3850.3334990134654,5,Urban,Standard,Concrete,Dome,1,0,0,32.557468565944674,0.8647503065572747,3088872.3632437675
Residential,4624.302170888615,11,Urban,Standard,Concrete,Flat,1,0,0,28.77549276428756,1.346243503918111,7328362.877728911
Residential,6079.182933517874,34,Urban,Standard,Pile,Pitched,1,1,0,29.96616712841965,1.2715912134795095,18800617.7729135
Industrial,5072.654639879049,24,Suburban,Luxury,Pile,Dome,0,0,1,28.813277185231723,1.337249181413494,25648781.125712927
Commercial,5444.6203074170835,15,Suburban,Luxury,Pile,Pitched,0,0,0,21.244975015492383,1.0152708568433195,17351563.359232422
Residential,4914.9390717565175,38,Suburban,Standard,Slab,Flat,0,0,0,39.11284102473327,1.1444381425676804,13501966.297635086
Commercial,4148.656253146382,8,Suburban,Standard,Concrete,Dome,1,1,1,37.91877261060408,1.357555963806596,7332404.237284415
Industrial,7741.631607922626,5,Suburban,Luxury,Slab,Pitched,1,0,0,39.60150495436042,0.9627789321345985,16127833.151017925
Industrial,220.8104159486407,48,Rural,Luxury,Pile,Flat,1,0,1,25.769296881008824,0.9582232377520565,1117448.081013591
Industrial,6024.5827419317475,26,Urban,Standard,Slab,Pitched,1,0,1,28.869636248374558,1.1857356673064527,21050241.249739278
Residential,5698.5326384974405,18,Urban,Standard,Concrete,Dome,0,0,1,38.58847780834767,1.166494505670899,13261226.394643286
Commercial,7190.172839856226,6,Urban,Standard,Concrete,Dome,0,0,1,37.98882705379764,0.997583729289053,9818797.498911725
Commercial,6030.390711295532,37,Urban,Premium,Pile,Flat,1,1,0,35.18990928062804,1.008652955367376,35323529.297871955
Commercial,8285.308395309876,48,Urban,Luxury,Pile,Flat,1,1,0,30.512397500305923,0.9944916142445959,69651207.16249162
Industrial,9594.840466183876,13,Urban,Premium,Slab,Flat,1,1,0,47.387930143240695,1.3400584433989413,33176236.623093538
Residential,3490.9901460675796,28,Urban,Luxury,Pile,Pitched,0,0,0,30.193107268965313,1.2563306058937225,22036985.29983309
Industrial,2350.7747319968717,5,Urban,Luxury,Pile,Pitched,0,1,0,33.66857469311755,1.3826920283871769,7787378.287550033
Industrial,4293.608937962781,13,Rural,Luxury,Concrete,Pitched,0,1,1,40.34341492862626,1.4828311198198154,12252160.569461977
Commercial,2950.5032031096885,17,Urban,Luxury,Pile,Flat,1,1,0,36.290642926002924,1.1319150073903905,14842862.659801565
Industrial,6188.007605211279,40,Rural,Luxury,Pile,Dome,1,0,0,30.406579290931568,0.8466857169838142,21920878.528666724
Commercial,9127.33884754535,45,Suburban,Luxury,Concrete,Dome,0,0,0,33.0693437136953,0.8336646172884249,50958888.044937305
Residential,1477.2503220163126,32,Urban,Luxury,Concrete,Pitched,1,1,1,43.83442453560518,1.0069655274901335,8819863.157981003
Commercial,1097.8665698572763,29,Suburban,Premium,Slab,Pitched,0,1,1,28.343874664598374,1.4527812125467157,5938882.086203929
Residential,2634.553765351256,3,Suburban,Standard,Pile,Dome,1,0,0,24.267657193304462,1.1662491384796123,1924161.9738486842
Commercial,7288.346302017768,40,Suburban,Standard,Concrete,Dome,0,0,1,29.394896054893312,0.9902505612560905,25832150.64570528
Industrial,5970.332762062333,34,Rural,Premium,Slab,Pitched,1,1,0,45.486026464637035,1.0794167561577137,21152310.93226306
Industrial,1111.9053758294758,40,Suburban,Premium,Slab,Pitched,0,0,0,22.6696914456904,1.2190165751832696,5786849.841652511
Residential,9195.63017038139,27,Suburban,Premium,Pile,Dome,0,1,1,49.75088220117355,1.2570647606964895,31500468.194835108
Residential,7921.837907528458,13,Suburban,Premium,Pile,Flat,0,0,1,36.23008696782988,0.9077436568480336,14288566.789576963
Residential,327.92378739761136,45,Urban,Luxury,Slab,Pitched,0,1,0,49.54537231901282,1.483922173581623,3312791.106935026
Commercial,6548.535388783636,33,Urban,Standard,Concrete,Dome,0,1,0,48.16989266257933,1.1813405588879522,33086200.05572515
Commercial,7735.342018345406,6,Rural,Luxury,Slab,Dome,0,0,1,33.584411426327506,0.8949818224545956,11939627.642195256
Residential,3806.910160232178,24,Rural,Standard,Pile,Dome,1,1,0,25.954732238160474,1.4255446773422937,6119622.777501682
Industrial,782.323239735466,19,Urban,Standard,Concrete,Dome,1,1,1,24.946543296954154,0.8522469017556003,1072991.6145466103
Commercial,865.4785483389938,16,Rural,Premium,Concrete,Flat,1,1,0,27.199680916098725,1.4354148032242589,2894771.0377494153
Commercial,1132.044963912914,40,Urban,Luxury,Slab,Dome,0,0,1,41.30397921693611,1.4975959594022878,15242301.43277822
Commercial,8420.352356606187,28,Suburban,Premium,Pile,Pitched,0,0,0,28.188499841944633,1.2903022594095528,37098854.537405945
Residential,9115.79336273156,33,Suburban,Luxury,Slab,Flat,1,0,0,30.24275808812895,1.3393130547517929,66704453.106918536
Residential,1315.8267402727645,48,Rural,Standard,Slab,Dome,0,1,1,33.463364119838445,1.0361119855272405,3875618.522701069
Residential,2435.469742491304,41,Urban,Premium,Slab,Flat,0,0,0,47.396980412643686,1.4591037969137537,16654462.087226495
Residential,1738.6530526361687,13,Urban,Premium,Concrete,Pitched,0,1,0,25.681802536545383,1.1707997762758573,4574264.133662022
Residential,1944.5767069917947,43,Rural,Standard,Concrete,Dome,0,1,1,20.150796578294095,1.3126719126182884,6193883.566340697
Industrial,8391.158811124671,45,Urban,Standard,Pile,Pitched,0,0,0,21.802892311345104,1.4468754011378957,52401216.22394066
Industrial,3388.2494852838954,25,Suburban,Standard,Pile,Dome,1,0,0,47.14299025040354,1.4826259831828559,10846387.658406343
Residential,3183.298214051848,42,Rural,Premium,Slab,Dome,1,1,0,39.42549394530089,1.383243049617672,15137109.857766382
Commercial,2351.216646683415,36,Rural,Luxury,Slab,Dome,1,1,1,28.191218579834203,1.012112254887421,13402853.526047204
Residential,6118.154498563161,27,Urban,Premium,Slab,Dome,1,0,1,25.315775030335733,1.4765832615864576,33950323.30225423
Industrial,3855.1264140169337,38,Rural,Luxury,Pile,Dome,1,0,1,28.82800209911343,1.2396836718705002,23618966.143057626
Industrial,7468.071553248559,7,Urban,Premium,Concrete,Flat,0,0,0,23.443907817538403,1.4514497334463718,15378747.305351669
Commercial,2135.2401029188113,5,Urban,Premium,Concrete,Dome,0,1,0,48.24598730853323,1.2732735180700463,5069766.220784397
Industrial,7899.119898273475,43,Urban,Standard,Slab,Dome,0,1,0,43.526185230958006,1.0150672732934043,30219031.092040714
Residential,6076.843164128376,45,Urban,Luxury,Slab,Flat,0,1,0,33.87173530737622,1.0590171668999713,43429706.70027373
Commercial,1231.2462705513087,31,Urban,Premium,Slab,Flat,1,1,1,45.94887815345606,1.1853302439720583,8328509.5851036785
Residential,4203.595383615914,23,Rural,Premium,Slab,Flat,1,1,0,27.48374612879697,1.3530103890919174,14518860.962914731
Residential,8648.829592068274,42,Suburban,Standard,Pile,Flat,1,0,0,41.513617054165806,1.0225877859382344,24478352.059648775
Commercial,9237.306294805,10,Suburban,Standard,Concrete,Flat,0,0,0,45.68397497041231,1.2058118162939344,15481600.369641231
Residential,4710.431210956251,32,Rural,Luxury,Slab,Flat,1,1,1,30.703061348698178,1.041937495503481,21113526.576105475
Industrial,4860.286083081828,43,Rural,Premium,Pile,Dome,0,1,0,42.72393336352153,1.371038583244575,24396589.46612034
Residential,9192.70177689908,30,Suburban,Luxury,Slab,Dome,1,0,0,28.85217047792928,1.1267096656375652,39636574.55221671
Commercial,5911.975418952015,39,Suburban,Premium,Slab,Pitched,1,0,0,28.965714057770924,0.8537059787970197,26877124.311932176
Commercial,425.18203541003965,31,Suburban,Luxury,Concrete,Dome,0,0,0,23.211715356625582,0.9162367650370755,1619241.6057624463
Commercial,9136.219682503375,18,Suburban,Standard,Slab,Dome,0,0,0,33.201741395281964,0.8427732673337427,10792734.426641563
Residential,2557.441783295804,36,Suburban,Premium,Concrete,Flat,1,1,1,41.89135719492266,1.1495120622100277,11560909.87361458
Commercial,5818.5563455063175,2,Urban,Luxury,Concrete,Flat,1,0,0,48.20662416713855,0.874436108143759,7655707.740179076
Commercial,1738.5818425369407,14,Rural,Standard,Concrete,Dome,0,1,0,38.11390975787288,0.8798979785167425,1707814.530567768
Residential,435.40368644129035,13,Urban,Standard,Pile,Pitched,1,0,0,45.89406613207217,1.458733782026864,885334.0148175554
Industrial,3183.5843942142983,29,Suburban,Luxury,Pile,Flat,1,0,0,44.674839478706815,1.4108585505232387,18772759.673354685
Residential,7826.907504706268,12,Suburban,Premium,Concrete,Dome,0,0,0,25.200291589258427,1.1164606177679561,14205302.513314905
Commercial,2848.1130090312395,39,Suburban,Premium,Slab,Dome,1,1,0,34.574522867378946,1.490063724595144,24367754.93992453
Commercial,2278.962419402861,2,Urban,Standard,Concrete,Pitched,0,1,0,23.507706065761745,0.8001305697194643,1799892.7229725325
Residential,2205.5397649781403,32,Urban,Premium,Slab,Pitched,1,0,0,40.46459484684905,1.2297856193913757,9861729.708135622
Industrial,5200.219455827445,13,Suburban,Premium,Concrete,Flat,0,1,0,48.49699004738228,1.231499724160309,14211527.5306271
Commercial,9757.859025259288,46,Urban,Premium,Slab,Pitched,1,1,0,24.112683742362695,1.1202101391089219,66388549.506658815
Commercial,4643.990981368429,27,Urban,Standard,Pile,Dome,0,0,1,42.016493924076244,1.0778635810540051,15061998.211476447
Commercial,5617.323152011474,49,Suburban,Luxury,Slab,Dome,1,0,1,38.967144526035824,1.1187681948364254,43673731.951718606
Residential,8620.256977118266,41,Urban,Premium,Concrete,Pitched,0,1,1,37.50815111024299,1.0904723052557763,46473673.1622812
Commercial,5397.190217443221,17,Rural,Standard,Pile,Pitched,1,1,1,31.703607040650176,1.3113447342376094,10612442.230746018
Industrial,1926.1824270466752,40,Rural,Standard,Slab,Pitched,1,1,0,30.653949432614375,0.8947488044812989,4544386.039918245
